comment;ambiente;bondadesPlataforma;CbondadesPlataformaCcasosPrueba;CbondadesPlataformaCconocerErrores;CbondadesPlataformaCconsejosFormativos;CbondadesPlataformaCdisponibilidadLinea;CbondadesPlataformaCespacioTrabajo;CbondadesPlataformaCfacilidadUso;CbondadesPlataformaClenguajes;CbondadesPlataformaCPracticaconstante;CherramientasUNcodeCcustomInput;CherramientasUNcodeClinter;CherramientasUNcodeCpythonTutor;ClogrosPedagogicosCaprendizajeAutonomo;ClogrosPedagogicosCejerciciosEstimulantes;ClogrosPedagogicosCevalluacionEstimulante;ClogrosPedagogicosCEvaluacionOptimizada;ClogrosPedagogicosChabilidadesProgramacion;ClogrosPedagogicosCresolucionProblemas;CMejorableAprenderProgramarCfallasGenerales;CMejorableAprenderProgramarCinflexibilidad;CMejorableAprenderProgramarCobjetivoEducativo;CMejorableAprenderProgramarCretroalimentacionInsuficiente;CMejorableAprenderProgramarCsustituible;colab;HerramientasUNcode;logrosPedagogicos;MejorableAprenderProgramar
A traves de la plataforma pude ir practicando para mejorar las habilidades en programacion;0;1;0;0;0;0;0;0;0;1;0;0;0;0;0;0;0;0;0;0;0;0;0;0;0;0;0;0
A traves de los ejercicios propuestos en la herramienta UNCode se pone a prueba lo aprendido en las clases de programacion, ayudando a validar los temas vistos con la practica que conlleva realizar ejercicios;0;1;0;0;0;0;0;0;0;1;0;0;0;0;1;1;0;0;0;0;0;0;0;0;0;0;1;0
A veces UNCode no dejaba correr por cosas triviales como un espacio, aunque ingresar entradas aqui era mas facil que ingrsarlas en Colaboratory;0;0;0;0;0;0;0;0;0;0;0;0;0;0;0;0;0;0;0;0;1;0;0;0;1;0;0;1
A veces es poco practico y da errores por cosas que no deberia;0;0;0;0;0;0;0;0;0;0;0;0;0;0;0;0;0;0;0;1;1;0;0;0;0;0;0;1
A veces la pagina era muy lenta, y al principio de semestre no daba las correcciones pertinentes ni los inputs que no funcionaban. Sin embargo, los ejercicios eran utiles para ahondar en los temas.;0;0;0;0;0;0;0;0;0;0;0;0;0;0;1;1;0;0;0;0;0;0;0;0;0;0;1;0
A veces no valoraba bien el porcentaje de el codigo correcto;0;0;0;0;0;0;0;0;0;0;0;0;0;0;0;0;0;0;0;1;0;0;0;0;0;0;0;1
Al poder probar y visualizar codigos me permitio comprender el funcionamiento y aplicar logica;0;0;0;0;0;0;0;0;0;0;1;0;1;0;0;0;0;1;1;0;0;0;0;0;0;1;1;0
Al principio Uncode presentaba bastantes fallos, a veces no ejecutaba bien los casos de prueba y otras veces era muy ineficiente a la hora de calificar;0;0;0;0;0;0;0;0;0;0;1;0;0;0;0;0;0;0;0;1;0;0;0;0;0;1;0;1
Al utilizar esta plataforma evaluativa el estudiante podia conocer los errores en los procesos que se estaban efectuando, asimismo como se estaba ejecutando cada programa. Por lo cual se podia hacer una autocorreccion y de la misma forma mejorar;0;1;0;1;0;0;0;0;0;0;0;0;0;1;0;0;0;1;1;0;0;0;0;0;0;0;1;0
Algunos de los casos  especiales  que evalua UNcode me llevo a ir mas alla de simplemente construir mi programa, pensar alguna solucion especifica para esos casos e interpretar de mejor forma los ejercicios.;0;0;0;0;0;0;0;0;0;0;0;0;0;0;1;1;0;1;0;0;0;0;0;0;0;0;1;0
Anteriormente realice un curso de programacion basica en otra institucion y note un gran contraste, me parece que el factor del juez agiliza mucho mas las cosas, la evaluacion es mucho mas objetiva y rapida, en lugar de que el docente o monitor deba revisar todos los codigos. Sin embargo, hablando no de los jueces sino de UNCode especificamente, debe mejorar bastante, a veces los estudiantes no podiamos trabajar en los talleres porque la plataforma estaba caida o tenia errores que resultaban parecer obstaculos para nosotros.;0;0;0;0;0;0;0;0;0;0;0;0;0;0;0;0;1;0;0;1;0;0;0;0;0;0;1;1
Aunque en momentos el servidor no se encuentre disponible, UNCode es una herramienta muy util para el aprendizaje de programacion.;0;0;0;0;0;0;0;0;0;0;0;0;0;0;0;0;0;1;0;1;0;0;0;0;0;0;1;1
Aunque es cierto que mostraba los casos de prueba, el tiempo era demasiado grande para su obtencion.;0;0;0;0;0;0;0;0;0;0;0;0;0;0;0;0;0;0;0;1;0;0;0;0;0;0;0;1
Aunque fue util, es facilmente suplantable por herramientas dadas en el curso como collab o la pagina oficial de python visualice.;0;0;0;0;0;0;0;0;0;0;0;0;1;0;0;0;0;0;0;0;0;0;0;1;1;1;0;1
Aunque hay problemas en algunos casos con las salidas mostradas por la prueba y el visualizador, es practico forma de calificacion automatica de la plataforma;0;0;0;0;0;0;0;0;0;0;0;0;0;0;0;0;0;0;0;1;0;0;0;0;0;0;0;1
Aunque la plataforma brinda la posibilidad de verificar el codigo antes de probarlo y tambien en ocasiones muestra las lineas de codigo que contienen erro, seria bueno que la plataforma mostrara el procedimiento que realiza el codigo ademas de que seria bueno que seria bueno que se ensenara cuales son los items que se deben ingresar a una cierta funcion;0;1;0;1;0;0;0;0;0;0;0;1;1;0;0;0;0;0;0;0;0;0;1;0;0;1;0;1
Aunque la plataforma brinda la posibilidad de verificar el codigo antes de probarlo y tambien en ocasiones muestra las lineas de codigo que contienen erro, seria bueno que la plataforma mostrara el procedimiento que realiza el codigo ademas de que seria bueno que seria bueno que se ensenara cuales son los items que se deben ingresar a una cierta funcion.;0;1;0;1;0;0;0;0;0;0;0;1;1;0;0;0;0;0;0;0;0;0;1;0;0;1;0;1
Aunque posee herramientas de apoyo es dificil asegurar que ayude en el proceso de aprendizaje dada la presencia de problemas en la pagina  y de los apoyos que posee esta. Problemas como caida de la pagina y la no funcionalidad de algunos servicios con el probador de ejercicios y el Python tutor .;0;0;0;0;0;0;0;0;0;0;0;0;1;0;0;0;0;0;0;1;0;1;0;0;0;1;0;1
Ayuda a retroalimentar los errores;0;1;0;1;0;0;0;0;0;0;0;0;0;0;0;0;0;0;0;0;0;0;0;0;0;0;0;0
Ayudo a saber los errores que se cometian en el codigo gracias a las respuestas, sin embargo pudo haber sido mejor en el hecho de explicar mejor algunos problemas;0;1;0;1;0;0;0;0;0;0;0;0;0;0;0;0;0;0;0;0;0;0;1;0;0;0;0;1
Brinda un entorno amigable e intuitivo para aprender a programar, con herramientas que nos permiten revisar nuestros errores.;1;1;0;1;0;0;0;0;0;0;0;0;0;0;0;0;0;0;0;0;0;0;0;0;0;1;0;0
Como cualquier editor de texto muestra los errores sintacticos, pero aparte corrige de manera discreta para hacer un codigo mas eficiente con los simbolos de la izquierda. Tambien permite probar el codigo y colocar de antemano lo que queremos colocar, para no tener que estar repitiendo el tedioso proceso de poner las entradas.;0;1;0;1;1;0;0;0;0;0;1;1;0;0;0;0;0;0;0;0;0;0;0;0;0;1;0;0
Como plataforma virtual ayuda mucho si no tienes un editor de codigo en el PC;0;1;0;0;0;1;0;0;0;0;0;0;0;0;0;0;0;0;0;0;0;0;0;0;0;0;0;0
Contiene buenas herramientas bien implementadas como lo es el probar codigo y visualizarlo;0;0;0;0;0;0;0;0;0;0;1;0;1;0;0;0;0;0;0;0;0;0;0;0;0;1;0;0
Creo que los ejercicios propuestos, aunque parecen simplemente juegos que no tienen aplicacion practica nos ayudan a pensar como un programador y a desarrollar las habilidades que un buen programador necesita. Entonces creo que eso es bueno, en lugar de simplemente aprender por internet a hacer una pagina web o una aplicacion, pero sin desarrollar esas habilidades del pensamiento que nos forman para solucionar problemas y que creo que son la base de los ejercicios de UNcode. Ademas he visto que en UNcode tambien hay ejercicios practicos, como los de los inventarios por mencionar uno. Ademas el profesor cuando corrige los ejercicios en clase dice que esos algoritmos que usamos son utiles para resolver muchos problemas en nuestro futuro. Es decir, entiendo que uno usara esos algoritmos que usamos en UNcode en nuestro futuro profesional. Y finalmente, el juez me parece algo muy bueno porque nos hace pensar en todos los casos posibles al desarrollar un programa. Y eso creo que es una buena practica en la programacion. Pensar en todos los escenarios posibles.;0;1;0;0;1;0;0;0;0;1;0;0;0;1;1;1;0;1;0;0;0;0;0;0;0;0;1;0
Daba la herramienta de ver el paso a paso del codigo y detectar mas facil los errores que uno tenia, sin embargo es pequena la ventana emergente deberia de poder manipularse o ser mas grande;0;1;0;1;0;0;0;0;0;0;0;0;1;0;0;0;0;0;0;0;0;0;0;0;0;1;0;0
Debido a que es una buena herramienta para practicar y realizar ejercicios , ademas de poseer varias funciones utiles como son los casos de prueba o el tutor de python;0;1;1;0;0;0;0;0;0;1;0;0;1;0;0;0;0;0;0;0;0;0;0;0;0;1;0;0
Debido a que es una herramienta que proporciona lo necesario para desarrollar los conocimientos de programacion.;0;0;0;0;0;0;0;0;0;0;0;0;0;0;0;0;0;1;0;0;0;0;0;0;0;0;1;0
Debido a que los talleres eran mas sencillos de desarrollar al presentar herramientas para probar los codigos y visualizarlos paso a paso, por otro lado los casos para aprobar los codigos eran muy completos, y los detalles de la pagina con respecto a la informacion requerida para el taller era la adecuada. El unico incoveniente es que la pagina se cae constantemente.;0;0;0;0;0;0;0;0;0;0;1;0;1;0;0;0;1;0;0;1;0;0;0;0;0;1;1;1
Debido a que no hay necesidad de descargar otros programas adicionales, la herramienta es completa y tiene opciones utiles para ver lo que se esta desarrollando. Es de mucha utilidad para desarrollar la teoria vista en clase.;0;1;0;0;0;1;0;0;0;0;0;0;0;0;1;1;0;0;0;0;0;0;0;0;0;1;1;0
Debido a que se nos proponian bastantes situaciones, tenia la opcion de ir probando el codigo ademas de poder acceder a una vista mas detallada de lo que hace el codigo, con el plus de que con los casos de prueba podiamos saber si nuestro codigo cumplia con cabalidad su funcionalidad;0;1;1;0;0;0;0;0;0;0;0;0;0;0;0;0;0;0;1;0;0;0;0;0;0;0;1;0
Debido a su corto campo de aceptacion de programas, evitando crear multiples opciones para solucionar un ejercicio.;0;0;0;0;0;0;0;0;0;0;0;0;0;0;0;0;0;0;0;0;1;0;0;0;0;0;0;1
Desde mi perspectiva, permite desarrollar habilidades que mejoran la comunicacion que tenemos con las maquinas;0;0;0;0;0;0;0;0;0;0;0;0;0;0;0;0;0;1;0;0;0;0;0;0;0;0;1;0
ES UNA MANERA MUY ACERTADA DE DESARROLLAR TALLERES;0;0;0;0;0;0;0;0;0;0;0;0;0;0;0;0;1;0;0;0;0;0;0;0;0;0;1;0
El '!visualizar codigo!' es una excelente herramienta para evidenciar como ejecuta el codigo programado.;0;0;0;0;0;0;0;0;0;0;0;0;1;0;0;0;0;0;0;0;0;0;0;0;0;1;0;0
El Python Tutor implantado en la plataforma fue util para identificar como funcionaban los programas;0;0;0;0;0;0;0;0;0;0;0;0;1;0;0;0;0;0;1;0;0;0;0;0;0;1;1;0
El compilador de vez en cuando presenta fallos en su estructura los cuales hay que solventar de maneras poco convencionales;0;0;0;0;0;0;0;0;0;0;0;0;0;0;0;0;0;0;0;1;0;0;0;0;0;0;0;1
El funcionamiento de la plataforma no es el mejor, entiendo que por la sobrecarga de estudiantes a veces la pagina falle pero no esperaba que fuera tan continuo;0;0;0;0;0;0;0;0;0;0;0;0;0;0;0;0;0;0;0;1;0;0;0;0;0;0;0;1
El hecho de probar y visualizar el codigo en la plataforma permite una reflexion muy efectiva acerca de los errores que en algun momento cada persona pueda tener y aprender de ellos. Tambien los casos de prueba permiten tomar en cuenta cada situacion a la que se pueda exponer el codigo con el fin de que cumpla su funcion totalemente.;0;1;1;1;0;0;0;0;0;0;1;0;1;0;0;0;0;0;1;0;0;0;0;0;0;1;1;0
El hecho de tener test de verificacion permitia saber si uno iba por buen camino o no.;0;0;0;0;0;0;0;0;0;0;1;0;0;0;0;0;0;0;1;0;0;0;0;0;0;1;1;0
El juez es cruel pero justo;0;0;0;0;0;0;0;0;0;0;0;0;0;0;0;0;1;0;0;0;0;0;0;0;0;0;1;0
El metodo de evaluar los programas por casos permite que uno desarrolle un enfoque integro en el momento de crear el bloque de codigo;0;0;0;0;0;0;0;0;0;0;0;0;0;0;0;0;0;1;1;0;0;0;0;0;0;0;1;0
El planteamiento de los ejercicios es claro y el debugger es una herramienta muy util para encontrar errores;0;1;0;1;0;0;0;0;0;0;0;1;0;0;0;0;1;0;0;0;0;0;0;0;0;1;1;0
El poder ver paso por paso la ejecucion del programa y el que tenga casos de prueba predefinidos me parece una buena forma de aprender a programar;0;1;1;0;0;0;0;0;0;0;0;0;1;0;0;0;0;0;0;0;0;0;0;0;0;1;0;0
El poder visualizar el funcionamiento del codigo sirve mucho;0;1;0;0;0;0;0;0;0;0;0;0;1;0;0;0;0;0;0;0;0;0;0;0;0;1;0;0
El sistema para verificar codigo ayuda;0;0;0;0;0;0;0;0;0;0;1;0;0;0;0;0;0;0;0;0;0;0;0;0;0;1;0;0
El test code es una herramienta muy util del UNCode, y permite visualizar la ejecucion de manera efectiva;0;0;0;0;0;0;0;0;0;0;1;0;0;0;0;0;0;0;0;0;0;0;0;0;0;1;0;0
En cierta medida ayuda a saber mi rendimiento en el tema y como mejorarlo;0;1;0;0;1;0;0;0;0;0;0;0;0;0;0;0;0;0;1;0;0;0;0;0;0;0;1;0
En esta plataforma habian ejercicios que hacian que pusiera en practica los conocimientos aprendidos en clase;0;0;0;0;0;0;0;0;0;0;0;0;0;0;1;1;0;0;0;0;0;0;0;0;0;0;1;0
En general me parece una herramienta que es util para evaluar ejercicios de programacion, al momento de aprendar no hace mucha diferencia;0;0;0;0;0;0;0;0;0;0;0;0;0;0;0;0;1;0;0;0;0;1;0;0;0;0;1;1
En ocasiones fallaba y durante medio semestre no permitia usar las herramientas ni observar los errores del codigo al comparar respuestas.;0;0;0;0;0;0;0;0;0;0;0;0;0;0;0;0;0;0;0;1;0;0;0;0;0;0;0;1
En primer lugar, la plataforma permite testear el codigo antes de ser enviado para su evaluacion, lo que permite corregir los fallos. Esto sumado a la integracion de Python Tutor le brindan al estudiante herramientas suficientes para que comprenda el funcionamiento integro de su codigo, es decir, le permite al estudiante comprender que hace (o porque esta fallando), por lo que aprender a programar se facilita de sobremanera con respecto a otras plataformas.;0;1;0;1;1;0;0;0;0;0;1;0;1;0;0;0;1;0;0;0;0;0;0;0;0;1;1;0
En realidad cuando estudio o similares no programo en uncode, solo lo uso para enviar las tareas y si se programa en Colab, al copiar y pegar de Colab a Uncode se indenta mal y perdi un quiz por eso.;0;0;0;0;0;0;0;0;0;0;0;0;0;0;0;0;1;0;0;1;0;0;0;0;1;0;1;1
En segundo lugar, la plataforma califica con respecto al porcentaje de acierto respecto a los casos de prueba, por lo que si el estudiante alcanza un 90% de resultados satisfactorios, la plataforma lo tendra en consideracion, no como en otros entornos donde se requiere estrictamente del 100% de acierto para aprobarse, esto contribuye en la motivacion, el interes y el aprendizaje del estudiante.;0;1;0;1;1;0;0;0;0;0;1;0;1;0;0;0;1;0;0;0;0;0;0;0;0;1;1;0
Entender una teoria es un poco complejo cuando no se ponen en practica los conceptos, mas aun cuando se trata de sintaxis y lenguajes de programacion, la herramienta permite practicar todo aquello que es visto en clase de manera en que surgen nuevas dudas que aportan al aprendizaje;0;1;0;0;1;0;0;0;0;1;0;0;0;1;1;1;0;0;0;0;0;0;0;0;0;0;1;0
Era muy util para practicar todo los temas que iban viendo en la clase.;0;0;0;0;0;0;0;0;0;0;0;0;0;0;1;1;0;0;0;0;0;0;0;0;0;0;1;0
Es bastante intuitivo para su uso y hace sencilla la programacion;0;1;0;0;0;0;0;1;0;0;0;0;0;0;0;0;0;0;0;0;0;0;0;0;0;0;0;0
Es eficiente a la hora de revisar los programas;0;0;0;0;0;0;0;0;0;0;0;0;0;0;0;0;1;0;0;0;0;0;0;0;0;0;1;0
Es mucho mas comodo que usar un IDE ya que mi computador no es muy potente y se traba facilmente, cosa que pasa menos seguido en UNCODE;0;1;0;0;0;1;0;0;0;0;0;0;0;0;0;0;0;0;0;0;0;0;0;0;0;0;0;0
Es muy conveniente el poder recibir una calificacion casi inmediata, pues permite darse cuenta de errores que pudieron pasar desapercibidos;0;1;0;1;0;0;0;0;0;0;0;1;0;0;0;0;1;0;0;0;0;0;0;0;0;1;1;0
Es muy lento al momento de hacer las entregas;0;0;0;0;0;0;0;0;0;0;0;0;0;0;0;0;1;0;0;1;0;0;0;0;0;0;1;1
Es muy util el hecho de que pruebe casos y que ayude a probar los programas con varios ejemplos que puedan mostrar fallos;0;1;0;1;0;0;0;0;0;0;1;0;0;0;0;0;0;0;0;0;0;0;0;0;0;1;0;0
Es poco indicativo respecto a los errores en los codigos del usuario;0;1;0;1;0;0;0;0;0;0;0;1;0;0;0;0;0;0;0;0;0;0;1;0;0;1;0;1
Es positivo el hecho de tener una calificacion tan rigurosa de los ejercicios;0;0;0;0;0;0;0;0;0;0;0;0;0;0;0;0;1;0;0;0;0;0;0;0;0;0;1;0
Es un buen mecanismo para practicar y comprender mejor de programacion, sin embargo no siento que su proposito sea garantizar el aprendizaje, porque no es una plataforma que explique errores o explique temas;0;1;0;0;0;0;0;0;0;1;0;0;0;0;0;0;0;0;0;0;0;1;0;0;0;0;0;1
Es un buen programa, lo unico es que es algo complicado de usarlo, puesto que las salidas de los codigos, deben seguir una estructura y orden especificos.;0;0;0;0;0;0;0;0;0;0;0;0;0;0;0;0;0;0;0;0;1;0;0;0;0;0;0;1
Es una buena forma de calificar ya que da una respuesta rapida y permite facilidad al escribir y corregir codigo;0;1;0;1;0;0;0;1;0;0;0;0;0;0;0;0;1;0;0;0;0;0;0;0;0;0;1;0
Es una buena forma de calificar, aunque hay que ser demasiado especifico en los resultados;0;0;0;0;0;0;0;0;0;0;0;0;0;0;0;0;1;0;0;0;1;0;0;0;0;0;1;1
Es una buena herramienta para calificar los trabajos propuestos por los docentes, me parece organizada y funcional;0;0;0;0;0;0;0;0;0;0;0;0;0;0;0;0;1;0;0;0;0;0;0;0;0;0;1;0
Es una buena idea pero no cumple completamente con su funcion ya que solo permite verificar si un programa cumple con algunos casos de prueba y no si este tiene logica o no.;0;0;0;0;0;0;0;0;0;0;1;0;0;0;0;0;0;0;0;0;0;1;0;0;0;1;0;1
Es una gran herramienta que da un excelente feed back con las salidas y el python tutor.;0;1;0;0;1;0;0;0;0;0;0;0;1;0;0;0;0;0;0;0;0;0;0;0;0;1;0;0
Es una gran herramienta que permite ver paso a paso el programa en ejecucion, ademas de dar sugerencias para mejorar las buenas practicas de programacion.;0;1;0;0;1;0;0;0;0;0;0;0;1;0;0;0;0;0;0;0;0;0;0;0;0;1;0;0
Es una gran herramienta que te permite aprender de tus errores, lo cual te motiva a ser un mejor programador.;0;1;0;1;0;0;0;0;0;0;0;0;0;0;0;0;0;1;0;0;0;0;0;0;0;0;1;0
Es una herramienta bastante util donde nos muestra los casos de prueba y poder analizar donde tenemos los errores;0;1;1;1;0;0;0;0;0;0;0;0;0;0;0;0;0;0;0;0;0;0;0;0;0;0;0;0
Es una herramienta bastante util para reforzar los conocimientos y poner a prueba el estudiate ante ejercicios bastante especificos y con muchos casos de pruebas;0;1;0;0;0;0;0;0;0;1;0;0;0;0;0;0;1;0;0;0;0;0;0;0;0;0;1;0
Es una herramienta de facil entendimiento, y el hecho que permita ver paso por paso como funciona un programa hace que sea mas sencillo corregir errores.;0;1;0;1;0;0;0;1;0;0;0;0;1;0;0;0;0;0;0;0;0;0;0;0;0;1;0;0
Es una herramienta dinamica para el aprendizaje que permite una pronta retroalimentacion y facilita la visualizacion de los ejercicios;1;0;0;0;0;0;0;0;0;0;0;0;0;0;0;0;1;0;0;0;0;0;0;0;0;0;1;0
Es una herramienta facil de usar, sencilla y util a la hora de practicar, interactiva tambien;0;1;0;0;0;0;0;1;0;0;0;0;0;0;0;0;0;0;0;0;0;0;0;0;0;0;0;0
Es una herramienta muy util en cuanto a que muestra el error que el programa cometia y especifica que tipo de error se esta cometiendo, la herramienta es muy visual, facilitando la comprension del problema y al dar las calificaciones inmediatamente, da una retroalimentacion mas efectiva.;1;1;0;1;1;0;0;0;0;0;0;0;0;0;0;0;1;0;0;0;0;0;0;0;0;0;1;0
Es una herramienta muy util para practicar los distintos lenguajes de programacion dado las pautas y retroalimentacion que el sistema provee;0;1;0;0;0;0;0;0;1;1;0;0;0;0;0;0;0;0;0;0;0;0;0;0;0;0;0;0
Es una herramienta que ayuda a practicar ejercicios y asi mismo reforzar los conocimientos;0;1;0;0;0;0;0;0;0;1;0;0;0;0;1;1;0;0;0;0;0;0;0;0;0;0;1;0
Es una herramienta que ensena a llegar a respuestas puntuales, buen funcionamiento para entender la ejecucion del codigo y permite un comodo tiempo para la resolucion de los ejercicios.;0;0;0;0;0;0;0;0;0;0;0;0;0;0;0;0;1;1;1;0;0;0;0;0;0;0;1;0
Es una herramienta que facilita la comprobacion de los ejercicios;0;0;0;0;0;0;0;0;0;0;0;0;0;0;0;0;1;0;1;0;0;0;0;0;0;0;1;0
Es una herramienta que nos permite identificar facilmente nuestros errores a medida que vamos aprendiendo y tambien nos permite identificar de forma clara el algoritmo de nuestros programas.;0;1;0;1;0;0;0;0;0;0;0;0;0;0;0;0;0;1;0;0;0;0;0;0;0;0;1;0
Es una herramienta que ofrece herramientas muy utiles a la hora de programar, permite ver los errores que cometio al estudiante ademas de ofrecer alternativas para solucionar los mismos. Ademas ofrece flexibilidad a los docentes para la evaluacion de estos ejercicios en lo personal pienso que es una muy buena herramienta que deberia seguirse utilizando.;0;1;0;1;0;0;0;0;0;0;0;1;0;0;0;0;1;0;0;0;0;0;0;0;0;1;1;0
Es una herramienta que permite identificar los errores, y permite obtener un modo facil de calificar. Ademas tiene una plataforma esteticamente adaptada para el usuario.;1;1;0;1;0;0;0;0;0;0;0;0;0;0;0;0;1;0;0;0;0;0;0;0;0;0;1;0
Es una herramienta que permite la practica efectiva de los conceptos aprendidos en la clase. tambien funciona muy bien a la hora de comprender como funciona el codigo;0;0;0;0;0;0;0;0;0;0;0;0;0;0;1;1;0;0;0;0;0;0;0;0;0;0;1;0
Es una herramienta que permite revisar la sintaxis de los programas, y de pronto algun error que se cometa en el codigo.;0;1;0;0;0;0;0;1;0;0;0;1;0;0;0;0;0;0;0;0;0;0;0;0;0;1;0;0
Es una herramienta que se adapta a las necesidades de los estudiantes. Nos permite dar un seguimiento a nuestro codigo de una manera mas sencilla con python tutor y los consejos de estilo de programacion son bastante utiles.;0;1;0;0;1;0;1;0;0;0;0;0;1;0;0;0;0;0;0;0;0;0;0;0;0;1;0;0
Es una herramienta sencilla, util y facil de entender;0;1;0;0;0;0;0;1;0;0;0;0;0;0;0;0;0;0;0;0;0;0;0;0;0;0;0;0
Es una herramienta simple y util para programar, me ayudo en lo personal al permitir ver los casos que no estaban bien y en base a estos replantear mi codigo.;0;1;0;1;0;0;0;1;0;0;1;0;0;1;0;0;0;0;0;0;0;0;0;0;0;1;1;0
Es una herramienta util, muy amigable con el usuario;0;1;0;0;0;0;0;1;0;0;0;0;0;0;0;0;0;0;0;0;0;0;0;0;0;0;0;0
Es una herramienta versatil, simple y potente;0;1;0;0;0;0;0;1;0;0;0;0;0;0;0;0;0;0;0;0;0;0;0;0;0;0;0;0
Es una interesante modalidad para la realizacion de las actividades y tareas, de las cuales son comprobadas por varios casos de prueba para identificar si el programa cumple con los requisitos.;0;0;0;0;0;0;0;0;0;0;0;0;0;0;0;0;1;0;0;0;0;0;0;0;0;0;1;0
Es una muy buena herramienta con grandes capacidades de interaccion entre los estudiantes, sin embargo la pagina en algunos casos colapsaba y en casos de necesidad retrasaba la realizacion de trabajos.;0;1;0;0;0;0;0;0;0;0;0;0;0;0;0;0;0;0;0;1;0;0;0;0;0;0;0;1
Es una muy buena herramienta con la cual uno puede ver si el codigo de uno funciona y es una muy buena forma de evaluar el codigo que se hace;0;0;0;0;0;0;0;0;0;0;0;0;0;0;0;0;0;0;1;0;0;0;0;0;0;0;1;0
Es una muy buena herramienta sin embargo en ocasiones se cae y se pierden algunos trabajos;0;0;0;0;0;0;0;0;0;0;0;0;0;0;0;0;0;0;0;1;0;0;0;0;0;0;0;1
Es una muy buena herramienta, teniendo en cuenta que al encontrar un error lo muestra al usuario, tambien cuenta con la opcion de poder ver paso a paso como se esta ejecutando e codigo;0;1;0;1;0;0;0;0;0;0;0;1;1;0;0;0;0;0;0;0;0;0;0;0;0;1;0;0
Es una plataforma facil de usar y muy fluida, ademas que la implementacion de Python tutor es de gran ayuda para entender como funciona el lenguaje y para comprender mejor el flujo de codigo y los problemas;0;1;0;0;0;0;0;1;0;0;0;0;1;0;0;0;0;0;0;0;0;0;0;0;0;1;0;0
Es una plataforma muy facil de usar, con muchas herramientas que hacen facil el aprendizaje.;0;1;0;0;0;0;0;1;0;0;0;0;0;1;0;0;0;0;0;0;0;0;0;0;0;1;1;0
Es una plataforma muy interactiva y facil de comprender;0;1;0;0;0;0;0;1;0;0;0;0;0;0;0;0;0;0;0;0;0;0;0;0;0;0;0;0
Es una plataforma muy util que cuenta con varias herramientas que ayudan a entender el paso a paso que esta ejecutando nuestro programa;0;0;0;0;0;0;0;0;0;0;0;0;1;0;0;0;0;0;0;0;0;0;0;0;0;1;0;0
Es una plataforma que corre bastante bien los programas vistos en clase, muy rara vez existen errores por parte de la plataforma, tambien a veces se congela la pagina sin razon alguna. Pero si hablamos del resto es una plataforma excelente. Resalto la herramienta que nos permite ver que sucede con el codigo linea por linea.;0;0;0;0;0;0;0;0;0;0;0;0;1;0;1;1;0;0;0;0;0;0;0;0;0;1;1;0
Es una plataforma que es muy util para calificar;0;0;0;0;0;0;0;0;0;0;0;0;0;0;0;0;1;0;0;0;0;0;0;0;0;0;1;0
Esta plataforma es sencilla de usar, permitiendo asi su facil manejo y entendimiento de la misma. Ademas, el contar con la herramienta visualize your code es de mucha ayuda ya que permite saber como se esta comportando el codigo que se esta escribiendo, y corregir mas facilmente los errores.;0;1;0;1;0;0;0;1;0;0;0;0;1;0;0;0;0;0;1;0;0;0;0;0;0;1;1;0
Excelente  debido a que se trabaja online. Y creo que esto es fundamental debido a  que la comunidad universitaria la gran mayoria no cuenta con PC de ultima generacion;0;1;0;0;0;1;0;0;0;0;0;0;0;0;0;0;0;0;0;0;0;0;0;0;0;0;0;0
Facilita el uso de una interfaz de manera rapida y accesible;1;1;0;0;0;0;0;1;0;0;0;0;0;0;0;0;0;0;0;0;0;0;0;0;0;0;0;0
Facilita la calificacion de los ejercicios;0;0;0;0;0;0;0;0;0;0;0;0;0;0;0;0;1;0;0;0;0;0;0;0;0;0;1;0
Facilitaba la presentacion de los talleres;0;0;0;0;0;0;0;0;0;0;0;0;0;0;0;0;1;0;0;0;0;0;0;0;0;0;1;0
Facilito el envio de talleres, ademas corrige los codigos de forma inmediata;0;0;0;0;0;0;0;0;0;0;0;0;0;0;0;0;1;0;0;0;0;0;0;0;0;0;1;0
Falla Bastante;0;0;0;0;0;0;0;0;0;0;0;0;0;0;0;0;0;0;0;1;0;0;0;0;0;0;0;1
Falla a veces;0;0;0;0;0;0;0;0;0;0;0;0;0;0;0;0;0;0;0;1;0;0;0;0;0;0;0;1
Fue el programa utilizado para evaluar el avance y conocimiento dentro de la materia;0;0;0;0;0;0;0;0;0;0;0;0;0;0;0;0;1;0;0;0;0;0;0;0;0;0;1;0
Fue muy util la proposicion de problemas reales aunque sencillos, con los criterios necesarios para un desarrollo automatizado.;0;0;0;0;0;0;0;0;0;0;0;0;0;0;0;0;1;0;0;0;0;0;0;0;0;0;1;0
Fue un buen programa con una buena cantidad de talleres los cuales fueron muy utiles para el desarrollo de solucion de problemas;0;0;0;0;0;0;0;0;0;0;0;0;0;0;0;0;0;1;0;0;0;0;0;0;0;0;1;0
Fue una manera util de probar y realizar trabajas de programacion;0;0;0;0;0;0;0;0;0;0;0;0;0;0;0;0;1;0;0;0;0;0;0;0;0;0;1;0
Fue util en sentido que era imparcial a la hora de calificar y esta abierto en cualquier escenario que el estudiante pueda entrar;0;1;0;0;0;1;0;0;0;0;0;0;0;0;0;0;1;0;0;0;0;0;0;0;0;0;1;0
Fue util para realizar los talleres designados por el profesor, escribir el codigo en la pagina directamente lo hace mas facil, aparte de marcar errores y probar el codigo paso a paso, que son necesarias cuando no se entiende del todo alguna parte desarrollada;0;1;0;1;0;0;0;1;0;0;0;1;1;0;0;0;1;0;0;0;0;0;0;0;0;1;1;0
Fue util porque al poder obtener una retroalimentacion inmediata del funcionamiento del codigo con base en los resultados obtenidos y los esperados permite corregir errores de manera progresiva y sobre la marcha para avanzar hacia la solucion correcta.;0;1;0;0;1;0;0;0;0;0;0;0;0;0;0;0;1;0;1;0;0;0;0;0;0;0;1;0
Fue util porque me enseno estrictamente a manejar condiciones establecidas para la ejecucion de un codigo;0;2;0;0;2;0;0;0;0;0;0;0;0;0;0;0;0;2;0;0;0;0;0;0;0;0;2;0
Fue util y practica a la hora de probar mi codigo;0;1;0;0;0;0;0;1;0;0;1;0;0;0;0;0;0;0;1;0;0;0;0;0;0;1;1;0
Fue util, para verificar nuestros fallos y seguir el codigo paso a paso;0;1;0;1;0;0;0;0;0;0;0;0;1;0;0;0;0;0;0;0;0;0;0;0;0;1;0;0
Ha sido util para subir ejercicios, comprobarlos y calificarlos, dejando en claro el proceso que sigue el codigo y apuntan los errores que haya cometido, haciendo que aprenda por medio de la retroalimentacion;0;1;0;1;0;0;0;0;0;0;0;1;0;0;0;0;1;0;1;0;0;0;0;0;0;1;1;0
La evaluacion de cada uno de los programas resultaba un poco estresante, ya que muchas veces el error no era del codigo en si, sino de la manera de calificar en el interior de la plataforma.;0;0;0;0;0;0;0;0;0;0;0;0;0;0;0;0;0;0;0;1;1;0;0;0;0;0;0;1
La explicacion de los enunciados, las entradas y las salidas esperadas, me ayudo mucho a lo largo del semestre para entender los distintos ejercicios, tanto a nivel de lengua materna como a nivel de la logica de programacion;0;0;0;0;0;0;0;0;0;0;0;0;0;0;0;0;1;1;0;0;0;0;0;0;0;0;1;0
La facilidad para programas, las ayudas del editor y la verificacion de las respuestas;0;1;0;0;0;0;0;1;0;0;0;0;0;0;0;0;0;0;1;0;0;0;0;0;0;0;1;0
La funcion de ver el codigo paso a paso fue muy util para obtener una comprension mas profunda de los temas.;0;0;0;0;0;0;0;0;0;0;0;0;1;0;0;0;0;0;1;0;0;0;0;0;0;1;1;0
La herramienta muchas veces da errores aun cuando la salida requerida es exactamente a como la pide. Los errores no son muy visibles, por lo que hace que uno se confunda, si la plataforma diera las entradas que evalua seria mas facil para el estudiante encaminar la programacion y entender el codigo;0;0;0;0;0;0;0;0;0;0;0;0;0;0;0;0;0;0;0;1;0;0;0;0;0;0;0;1
La herramienta permite generalizar el codigo y asegurarse de que es funcional en la mayoria de casos posibles.;0;0;0;0;0;0;0;0;0;0;0;0;0;0;0;0;0;0;1;0;0;0;0;0;0;0;1;0
La interfaz no es muy amable con el usuario inicial, la escritura es mucho mas estricta.;1;0;0;0;0;0;0;0;0;0;0;0;0;0;0;0;0;0;0;1;1;0;0;0;0;0;0;1
La mayoria de veces, ya que hay test que no deja ver, y a veces son los unicos que arrojan el error.;0;0;0;0;0;0;0;0;0;0;0;0;0;0;0;0;0;0;0;1;0;0;0;0;0;0;0;1
La mejor forma de aprender cualquier cosa es practicando y por medio de la plataforma uncode podemos practicar lo aprendido;0;1;0;0;0;0;0;0;0;1;0;0;0;0;0;0;0;0;0;0;0;0;0;0;0;0;0;0
La opcion en la que uno puede ver que esta haciendo su codigo linea por linea es muy buena, ayuda demasiado.;0;1;0;0;1;0;0;0;0;0;0;0;1;0;0;0;0;0;0;0;0;0;0;0;0;1;0;0
La plataforma de uncode me parecio muy buena ya que te informa claramente de los errores que cometes y donde lo cometiste, cosa que es muy util para saber donde corregir el codigo y que es lo que no funciona. Tambien su metodo de calificacion me parecio muy bueno. Que se pueda visualizar que es lo que el programa espera que de el codigo y lo compare con la salida que tu le das me parecio algo muy importante, ya que en ocasiones las entradas y salidas que se dan de referencia no cubren la totalidad de opciones que puede tener el problema. Muy claro, muy organizado. Me agrado de una manera sorprendente;0;0;0;0;0;0;0;0;0;0;0;0;1;0;0;0;0;0;0;0;0;0;0;0;0;0;0;0
La plataforma de uncode me parecio muy buena ya que te informa claramente de los errores que cometes y donde lo cometiste, cosa que es muy util para saber donde corregir el codigo y que es lo que no funciona. Tambien su metodo de calificacion me parecio muy bueno. Que se pueda visualizar que es lo que el programa espera que de el codigo y lo compare con la salida que tu le das me parecio algo muy importante, ya que en ocasiones las entradas y salidas que se dan de referencia no cubren la totalidad de opciones que puede tener el problema. Muy claro, muy organizado. Me agrado de una manera sorprendente.;0;1;0;1;0;0;0;1;0;0;0;1;0;0;0;0;0;0;1;0;0;0;0;0;0;1;1;0
La plataforma es muy precisa con los espacios, algo que no pasa en colab o en python de escritorio;0;0;0;0;0;0;0;0;0;0;0;0;0;0;0;0;0;0;0;0;1;0;0;0;1;0;0;1
La plataforma fue un muy buen entorno para resolver ejercicios y con la implementacion que se hizo casi al final hizo que casi no se necesitara de la tutoria del profesor para entender los errores que se estaban cometiendo. Lo unico molesto era la velocidad para procesar las respuestas.;0;1;0;1;0;0;0;0;0;0;0;0;0;1;0;0;0;0;1;1;0;0;0;0;0;0;1;1
La plataforma funciona bastante bien corriendo los codigos y tiene la herramienta para guiarse en lo que puede estar mal del codigo.;0;1;0;0;1;0;0;0;0;0;0;1;0;0;0;0;0;0;0;0;0;0;0;0;0;1;0;0
La plataforma no es versatil con los resultados, es preferible usar Colab;0;0;0;0;0;0;0;0;0;0;0;0;0;0;0;0;0;0;0;0;1;0;0;0;1;0;0;1
La plataforma permite depurar codigo y observar en que punto nuestro algoritmo esta fallando, adicionalmente, los ejercicios propuestos por los profesores para ser solucionados en un tiempo estipulado ayuda mejorando la eficiencia con que solucionamos los problemas.;0;1;0;1;0;0;0;0;0;0;0;0;0;0;0;0;0;1;0;0;0;0;0;0;0;0;1;0
La plataforma permite una evaluacion eficiente, con herramientas utiles como 'ver el proceso' y su interfaz permite una comprension idonea de las tareas.;1;0;0;0;0;0;0;0;0;0;0;0;0;0;0;0;1;0;0;0;0;0;0;0;0;1;1;0
La plataforma tiene buenas herramientas como Python Tutor y poder ver los casos de prueba.;0;0;0;0;0;0;0;0;0;0;0;0;1;0;0;0;0;0;0;0;0;0;0;0;0;1;0;0
La posibilidad de poder poner a prueba cada ejercicio realizado hizo que UNcode fuera una herramienta bastante util, ya que me permitio ir perfeccionando mi forma de programar con cada error aprendido.;0;1;0;0;1;0;0;0;0;0;1;0;0;0;0;0;0;1;0;0;0;0;0;0;0;1;1;0
La programacion se aprende practicando definitivamente, me gusto mucho, es muy didactica la plataforma;0;1;0;0;0;0;0;0;0;1;0;0;0;0;0;0;0;0;0;0;0;0;0;0;0;0;0;0
Las herramientas de test y visualize son muy utiles a la hora de encontrar errores;0;1;0;1;0;0;0;0;0;0;1;0;1;0;0;0;0;0;0;0;0;0;0;0;0;1;0;0
Las limitaciones de espacio y memoria de uncode planteaban un reto;0;0;0;0;0;0;0;0;0;0;0;0;0;0;0;0;0;0;0;1;0;0;0;0;0;0;0;1
Lo fue ya que con las herramientas permitia ver el proceso del codigo;0;0;0;0;0;0;0;0;0;0;0;0;0;0;0;0;0;0;1;0;0;0;0;0;0;0;1;0
Lo que mas me gusto de UNCode fue la facilidad de uso y su practicidad. Durante todo el semestre, lo use no solo para los talleres y quizes, sino tambien para probar y ejecutar codigos para otros usos. La plataforma de UNCode es muy limpia y clara.;1;1;0;0;0;0;0;1;0;1;0;0;0;0;0;0;0;0;0;0;0;0;0;0;0;0;0;0
Los casos de prueba ayudaron bastante;0;1;1;0;0;0;0;0;0;0;0;0;0;0;0;0;0;0;0;0;0;0;0;0;0;0;0;0
Los ejercicios al ser de elevada dificultad exigen una buena preparacion para la resolucion de los codigos;0;0;0;0;0;0;0;0;0;0;0;0;0;0;1;1;0;0;0;0;0;0;0;0;0;0;1;0
Los ejercicios propuestos me ayudaron a desarrollar logica;0;0;0;0;0;0;0;0;0;0;0;0;0;0;1;1;0;0;0;0;0;0;0;0;0;0;1;0
Los ejercicios sirven mucho para aplicar los temas que el profesor nos ensenaba, sin embargo creo que mi desempeno bajaba ya que estaba bajo presion pero entiendo completamente que si haga evaluando ya que es una manera de motivar, es algo mas para mejorar de mi parte;0;0;0;0;0;0;0;0;0;0;0;0;0;1;1;1;0;0;0;0;0;0;0;0;0;0;1;0
Los ejercisios eran bastante precisos con respecto a cada tema, lo que permitia que desarrolle la logica y aplicacion de las herramientas del lenguaje de programacion;0;0;0;0;0;0;0;0;0;0;0;0;0;0;0;0;1;1;0;0;0;0;0;0;0;0;1;0
Los problemas evaluaban problemas y/o clarificaban confusiones comunes de los estudiantes;0;0;0;0;0;0;0;0;0;0;0;0;0;0;1;1;0;0;0;0;0;0;0;0;0;0;1;0
Los talleres dejados por el profesor, refuerzan lo que el ensena.;0;0;0;0;0;0;0;0;0;0;0;0;0;0;1;1;0;0;0;0;0;0;0;0;0;0;1;0
Mas alla de que es una plataforma para presentar tareas, depende mucho del conocimiento;0;0;0;0;0;0;0;0;0;0;0;0;0;0;0;0;1;0;0;0;0;1;0;0;0;0;1;1
Me ayudaba a practicar con distintos ejercicios.;0;1;0;0;0;0;0;0;0;1;0;0;0;0;0;0;0;0;0;0;0;0;0;0;0;0;0;0
Me ayudo demasiado a ver los problemas de una manera sencilla;0;1;0;1;0;0;0;0;0;0;0;0;0;0;0;0;0;0;0;0;0;0;0;0;0;0;0;0
Me parecia que tenia herramientas utiles, como (en mi caso con el lenguaje python) ver como funcionaba paso a paso el programa, y saber si funcionaba para los tests propuestos;0;0;0;0;0;0;0;0;0;0;0;0;1;0;0;0;0;0;1;0;0;0;0;0;0;1;1;0
Me parecio bueno que resolvi ejercicios dando uso a herramientas de python y aprendi sobre logica y pensamiento de un ingeniero.;0;0;0;0;0;0;0;0;0;0;0;0;1;0;0;0;0;1;0;0;0;0;0;0;0;1;1;0
Me permite ver cuales son los casos en que mi codigo no funciona, y aporta sugerencias para abordar el problema. De esta manera es posible corregir los ejercicios y aprender la forma correcta de solucionarlos. Me parece interesante la parte del tiempo de ejecucion, ya que era algo que no tenia en cuenta antes al programar.;0;1;0;1;1;0;0;0;0;0;0;0;0;0;0;0;0;0;1;0;0;0;0;0;0;0;1;0
Me permitia hacer un seguimiento de mis programa, como cambiaban las variables, donde se hacian los llamados a funciones ademas de visualizar mis propios casos de prueba;0;1;0;0;0;0;1;0;0;0;1;0;0;0;0;0;0;0;0;0;0;0;0;0;0;1;0;0
Me permitia ver los errores en mis codigos sin necesidad de tener un profesor presente;0;1;0;1;0;0;0;0;0;0;0;1;0;1;0;0;0;0;0;0;0;0;0;0;0;1;1;0
Mediante UNCode, pude realizar muchos ejercicios que me permitieron profundizar y poner a prueba mis conocimientos de los lenguajes que estaba aprendiendo. Por las herramientas con las que disponia, era capaz de ver mis errores para poder corregirlos adecuadamente en el futuro. Sin embargo, la plataforma no siempre me decia el tipo de error que habia cometido, se  caia  con frecuencia y habia situaciones donde no era acorde a otras plataformas que tenian el mismo objetivo que UNCode, por lo que podia confundirme aun mas de lo que me ayudaria.;0;2;0;2;0;0;0;0;2;0;0;2;0;0;2;2;0;0;0;2;0;0;2;0;0;2;2;2
Menu de navegacion simple y facil de entender, sin embargo, a la hora de registrarse para el curso puede llegar a ser un poco enredado por el hecho de no saber si hay una cuenta creada o si hay que crear una y de como se tiene que hacer el registro;0;1;0;0;0;0;0;1;0;0;0;0;0;0;0;0;0;0;0;1;0;0;0;0;0;0;0;1
Mostraba cuando se equivocaba, aunque en ocasiones era algo complicado encontrar el error, le exigia al estudiante pero no era exagerado;0;1;0;1;0;0;0;0;0;0;0;1;0;0;0;0;0;0;0;0;0;0;0;0;0;1;0;0
Muy versatil para programar en este, ademas, la metodologia de casos de prueba le da un plus extra que ayuda a la compresion de ejercicios;0;1;0;0;0;0;0;1;0;0;0;0;0;0;0;0;1;0;0;0;0;0;0;0;0;0;1;0
No entrega una descripcion clara del problema, es mas util corregir los errores por Colab;0;0;0;0;0;0;0;0;0;0;0;0;0;0;0;0;0;0;0;0;0;0;0;0;1;0;0;0
No lo usamos muchas veces, y al usarlo, nos obligaba a mejorar el programa;0;0;0;0;0;0;0;0;0;0;0;0;0;0;0;0;0;0;0;0;1;0;0;0;0;0;0;1
Nos da la oportunidad de ver el resultado que se quiere y el que se tiene;0;0;0;0;0;0;0;0;0;0;1;0;0;0;0;0;0;0;1;0;0;0;0;0;0;1;1;0
Nos deja ver como se ejecuta un programa en totalidad aparte de que es bastante sencilla de usar.;0;1;0;0;0;0;0;1;0;0;0;0;0;0;0;0;0;0;1;0;0;0;0;0;0;0;1;0
Nos mandan ejercicios con lo que podemos practicar y reforzar los que hicimos en clase;0;0;0;0;0;0;0;0;0;0;0;0;0;0;1;1;0;0;0;0;0;0;0;0;0;0;1;0
Nos permite saber en que nos equivocamos y ademas de eso nos deja visualizar la prueba de escritorio para poder revisar si nos equivocamos en algun punto.;0;1;0;1;0;0;0;0;0;0;0;1;0;0;0;0;0;0;0;0;0;0;0;0;0;1;0;0
Nos permitia ejemplos para corregir nuestro codigo y tenia herramientas para evaluar el codigo linea a linea;0;0;0;0;0;0;0;0;0;0;0;1;0;0;0;0;0;0;0;0;0;0;0;0;0;1;0;0
Nos permitio realizar talleres/quices conociendo nuestros resultados de forma inmediata, permitiendo retroalimentarnos eficazmente.;0;0;0;0;0;0;0;0;0;0;0;0;0;0;0;0;1;0;0;0;0;0;0;0;0;0;1;0
Opino que es bastante util ya que te hace en el momento una retroalimentacion de si esta funcionando o no el codigo y puedes corroborar con las pruebas que hace en que casos especificos se esta fallando;0;1;0;1;0;0;0;0;0;0;1;0;0;0;0;0;1;0;1;0;0;0;0;0;0;1;1;0
PDTA: esta mejor el visualice de uncode porque te deja meter varios inputs de una sola ves;0;0;0;0;0;0;0;0;0;0;0;0;1;0;0;0;0;0;0;0;0;0;0;1;0;1;0;1
Para tener la capacidad de construir el conocimiento se debe obtener un Feedback puntual y objetivo, cosa que no ofrece la plataforma.;0;0;0;0;0;0;0;0;0;0;0;0;0;0;0;0;0;0;0;0;0;1;1;0;0;0;0;1
Permanece caido;0;0;0;0;0;0;0;0;0;0;0;0;0;0;0;0;0;0;0;1;0;0;0;0;0;0;0;1
Permite la aplicacion de conceptos trabajados mediante talleres;0;0;0;0;0;0;0;0;0;0;0;0;0;0;1;1;0;0;0;0;0;0;0;0;0;0;1;0
Permite practicar e interiorizar los conocimientos que se aprende en clase y los documentos Notebook.;0;1;0;0;0;0;0;0;0;1;0;0;0;0;1;1;0;0;0;0;0;0;0;0;0;0;1;0
Permite practicar lo que se va aprendiendo durante el curso;0;1;0;0;0;0;0;0;0;1;0;0;0;0;1;1;0;0;0;0;0;0;0;0;0;0;1;0
Permite probar el codigo y hacerle un seguimiento de manera sencilla para la deteccion de errores.;0;1;0;1;0;0;0;0;0;0;1;0;0;0;0;0;0;0;0;0;0;0;0;0;0;1;0;0
Permite realizar ejercicios de forma practica y sencilla;0;1;0;0;0;0;0;1;0;0;0;0;0;0;0;0;0;0;0;0;0;0;0;0;0;0;0;0
Permite visualizar la forma en la que se ejecuta el codigo propuesto, deja ver las entradas y salidas que se proporcionan de una manera sencilla, ademas muestra los errores que el codigo presenta y evalua conforme a eso, tiene un pequeno contra que es lo reducido de las salidas, aunque el codigo haga lo que se pide en el problema propuesto por cualquier caracter adicional hace que todo el test que no coincida este del todo mal.;0;1;0;1;0;0;0;0;0;0;0;1;1;0;0;0;0;0;1;0;1;0;0;0;0;1;1;1
Permitia crear varios casos y ayudaba a encontrar muchos errores en los codigos;0;1;0;1;0;0;0;0;0;0;0;0;0;0;0;0;0;0;0;0;0;0;0;0;0;0;0;0
Permitia evidenciar el avance en el problema. Adicionalmente, permitia ver el paso a paso del progrma y se mostraban los ejercicios de manera organizada.;0;0;0;0;0;0;0;0;0;0;0;0;1;0;0;0;1;0;1;0;0;0;0;0;0;1;1;0
Permitia hacer el codigo, probarlo y observar el procedimiento paso a paso;0;0;0;0;0;0;0;0;0;0;1;0;1;0;0;0;0;0;0;0;0;0;0;0;0;1;0;0
Permitia ver en casos especificos el programa fallaba para poder retroalimentar;0;0;0;0;0;0;0;0;0;0;0;0;0;0;0;0;0;0;0;0;0;0;1;0;0;0;0;1
Permitio contextualizar y llevar a cabo de manera efectiva los temas trabajados en clase.;0;0;0;0;0;0;0;0;0;0;0;0;0;0;1;1;0;0;0;0;0;0;0;0;0;0;1;0
Permitio la creacion de  varios programas en un sistema facil y accesible sin necesidad de descargar el programa de python;0;1;0;0;0;1;0;1;0;0;0;0;0;0;0;0;0;0;0;0;0;0;0;0;0;0;0;0
Plantea ejercicios interesantes y permite visualizar los codigos, ademas de que le permite al estudiante el manejo de sus tiempos;0;0;0;0;0;0;0;0;0;0;0;0;1;1;1;1;0;0;0;0;0;0;0;0;0;1;1;0
Poder visualizar el flujo del codigo fue bastante util.;0;0;0;0;0;0;0;0;0;0;0;0;1;0;0;0;0;0;0;0;0;0;0;0;0;1;0;0
Podiamos llevar nuestros avances, testear nuestros codigos, mejor organizacion para las actividades;0;1;0;0;0;0;1;0;0;0;0;0;0;0;0;0;1;0;1;0;0;0;0;0;0;0;1;0
Pone a prueba los conocimientos recolectados en clase.;0;0;0;0;0;0;0;0;0;0;0;0;0;0;1;1;0;0;0;0;0;0;0;0;0;0;1;0
Por la facilidad en plantear problemas y ejercicios por parte de los profesores;0;0;0;0;0;0;0;0;0;0;0;0;0;0;0;0;1;0;0;0;0;0;0;0;0;0;1;0
Por las herramientas que brindaba para entender el codigo.;0;0;0;0;0;0;0;0;0;0;0;0;0;0;0;0;0;0;0;0;0;0;0;0;0;1;0;0
Por lo que he estado en UNcode (solamente para las clases) he aprendido bastante, sin embargo no conozco si en algun taller se enfoquen mas o profundicen en algun lenguaje de programacion.;0;1;0;0;0;0;0;0;1;0;0;0;0;0;0;0;0;0;0;0;0;0;0;0;0;0;0;0
Por los talleres y el desarrollo, porque la mayoria de las herramientas que usamos son de otras paginas o aplicaciones.;0;0;0;0;0;0;0;0;0;0;0;0;0;0;0;0;1;0;0;0;0;0;0;0;0;0;1;0
Por que facilita al estudiante tener un lugar de trabajo academico especial, ademas las herramientas de compilado e integracion de pythontutor permiten al estudiante entender su codigo y ver como se desarrollan variables,funciones,etc.;0;1;0;0;0;0;1;0;0;0;0;0;1;0;0;0;0;0;1;0;0;0;0;0;0;1;1;0
Por que facilita la generalizacion de los programas a todos los casos posibles;0;0;0;0;0;0;0;0;0;0;0;0;0;0;0;0;0;0;1;0;0;0;0;0;0;0;1;0
Por que gracias a los ejercicios puestos en la plataforma pude desarrollar un pensamiento logico y resolver problemas de acuerdo a los temas tratados en clase.;0;0;0;0;0;0;0;0;0;0;0;0;0;0;1;1;0;1;0;0;0;0;0;0;0;0;1;0
Por que nos brindaba una herramienta para programar completamente gratuita, evitando que tuvieramos que descargar programas para programar, ademas de los ejercicios, la simulacion y visualizar el codigo para poder observar nuestros errores;0;1;0;1;0;1;0;0;0;0;1;0;1;0;0;0;0;0;0;0;0;0;0;0;0;1;0;0
Por que permite un sencillo sistema de  entrenamiento  donde se nos evalua nuestros programas, de manera que a la vez nos permite encontrar errores y aplicar temas aprendidos.;0;1;0;1;0;0;0;0;0;0;0;0;0;0;1;1;1;0;0;0;0;0;0;0;0;0;1;0
Por ser capaz de mostrar la coincidencia entre la salida y las respuestas esperadas, y permitir visualizar como cambian las variables a medida que se ejecuta el codigo;0;0;0;0;0;0;0;0;0;0;0;0;1;0;0;0;0;0;1;0;0;0;0;0;0;1;1;0
Por ser la plataforma de presentacion de ejercicios;0;0;0;0;0;0;0;0;0;0;0;0;0;0;0;0;2;0;0;0;0;0;0;0;0;0;2;0
Porque a pesar de tener problemas, ayuda a plantearse casos extranos y te hace pensar como solucionarlos;0;0;0;0;0;0;0;0;0;0;0;0;0;0;1;1;0;1;0;0;0;0;0;0;0;0;1;0
Porque agilizaba la ejecucion de los programas en comparacion con otras plataformas como colab en la que toca ingresar entrada por entrada, lo cual demoraba un poco, por tanto utilizaba UNcode incluso para realizar codigos inicialmente no planteados en UNcode, a veces por encima de Google Colab.;0;1;0;0;0;0;0;1;0;0;0;0;0;0;0;0;0;0;1;0;0;0;0;0;1;0;1;0
Porque asegura que estamos tomando todos los errores posibles que puede generar el codigo que estamos creando;0;1;0;1;0;0;0;0;0;0;0;0;0;0;0;0;0;0;0;0;0;0;0;0;0;0;0;0
Porque ayuda a repasar los temas vistos en clase, y si algo queda mal, te dice cuales son los errores.;0;1;0;1;0;0;0;0;0;0;0;1;0;0;1;1;0;0;0;0;0;0;0;0;0;1;1;0
Porque ayudan a aplicar lo aprendido en un codigo con varios casos de pruebas, y el visualizador ayuda a escoger los errores puntales;0;1;1;1;0;0;0;0;0;0;0;0;1;0;1;1;0;0;0;0;0;0;0;0;0;1;1;0
Porque brindo una amplia gamma de ejercicios que permitieron practicar el lenguaje.;0;1;0;0;0;0;0;0;0;1;0;0;0;0;0;0;0;0;0;0;0;0;0;0;0;0;0;0
Porque con su sistema, se podian evaluar los codigos en gran cantidad de casos y comprobar su efectividad. De igual forma, nos daba retroalimentacion para hacer las correcciones necesarias;0;1;0;0;1;0;0;0;0;0;0;0;0;0;0;0;0;0;1;0;0;0;0;0;0;0;1;0
Porque considero que los ejercicios son muy practicos y permiten emplear todas las herramientas aprendidas durante las clases;0;0;0;0;0;0;0;0;0;0;0;0;0;0;1;1;0;0;0;0;0;0;0;0;0;0;1;0
Porque creo que el hecho de que califique automaticamente y devuelva los errores en las salidas hace que resolver los problemas sea mas rapido y facil.;0;1;0;1;0;0;0;0;0;0;0;0;0;0;0;0;1;0;1;0;0;0;0;0;0;0;1;0
Porque cuenta con herramientas bastante utiles como un tutor de python y permite a los profesores limitar el tiempo de ejecucion de un programa para que el estudiante deba optimizarlo lo que mas pueda. Estas ultima herramienta hace que el estudiante tenga que pensar mejor el codigo, lo que conlleva un mayor aprendizaje.;0;0;0;0;0;0;0;0;0;0;0;0;1;0;0;0;1;1;0;0;0;0;0;0;0;1;1;0
Porque da la opcion de visualizar las posibles salidas de diferentes entradas para asi comparar con el resultado esperado;0;0;0;0;0;0;0;0;0;0;0;0;0;0;0;0;0;0;1;0;0;0;0;0;0;0;1;0
Porque debido a lo estricto que es con las salidas, el estudiante no solo se concentra el resolver un problema para un caso de prueba especifico, sino que se concentra en resolver el problema para todos los casos de prueba posibles;0;0;0;0;0;0;0;0;0;0;0;0;0;0;0;0;0;0;1;0;0;0;0;0;0;0;1;0
Porque dio un acceso rapido a las herramientas necesarias para programar y a la vez ofrecio distintos talleres que sirvieron de practica y aprendizaje;0;0;0;0;0;0;0;0;0;0;0;0;0;0;1;1;0;0;0;0;0;0;0;0;0;1;1;0
Porque en la plataforma podia ver mis errores y asi podia corregirlos y mejorar en ellos.;0;1;0;1;0;0;0;1;0;0;0;1;0;0;0;0;0;0;0;0;0;0;0;0;0;1;0;0
Porque en muchas ocasiones tenia errores en los enunciados, para estos momentos no esta corriendo bien y no brinda las herramientas de visualizacion como antes.;0;0;0;0;0;0;0;0;0;0;0;0;0;0;0;0;0;0;0;1;0;0;0;0;0;0;0;1
Porque en ocasiones marcaba 100% funcional algunos programas y cuando los usaba para otra actividad estos no se desempenaban de la manera correcta;0;0;0;0;0;0;0;0;0;0;0;0;0;0;0;0;0;0;0;1;0;0;0;0;0;0;0;1
Porque era necesario un juez para analizar errores.;0;1;0;1;0;0;0;0;0;0;0;0;0;0;0;0;0;0;0;0;0;0;0;0;0;0;0;0
Porque es efectivamente uno de los fines de UNcode, pero ha caido bastante recientemente (502 Bad Gateway);0;0;0;0;0;0;0;0;0;0;0;0;0;0;0;0;0;0;0;1;0;0;0;0;0;0;0;1
Porque es mas una heramienta de entrega de tareas asignadas que de practica.;0;0;0;0;0;0;0;0;0;0;0;0;0;0;0;0;1;0;0;0;0;1;0;0;0;0;1;1
Porque es online y es facil de usar, ademas gracias al juez virtual y los casos de prueba es mas facil entender como funciona cada ejercicio.;0;1;0;0;0;1;0;1;0;0;0;0;0;0;0;0;0;0;1;0;0;0;0;0;0;0;1;0
Porque es un espacio en el cual se puede diferencia las partes que llevara el codigo y la explicacion del problema.;0;0;0;0;0;0;0;0;0;0;0;0;0;0;0;0;0;0;1;0;0;0;0;0;0;0;1;0
Porque es una herramienta complicada, tienes muchos  peros;0;0;0;0;0;0;0;0;0;0;0;0;0;0;0;0;0;0;0;1;0;0;0;0;0;0;0;1
Porque es una herramienta muy completa, tanto para calificar como para hacer y revisar codigo, lo unico malo que tiene son sus servidores, si hay bastantes personas trabajando a la vez se cae.;0;1;0;0;0;0;0;1;0;0;0;0;0;0;0;0;1;0;0;1;0;0;0;0;0;0;1;1
Porque es una herramienta que me ayudo a conocer cuales eran los errores que cometia al la hora de hacer algun programa.;0;1;0;1;0;0;0;0;0;0;0;0;0;0;0;0;0;0;0;0;0;0;0;0;0;0;0;0
Porque es una plataforma interesante que ademas permite conocer los errores en casos de prueba y califica de forma justa;0;1;1;1;0;0;0;0;0;0;0;1;0;0;0;0;1;0;0;0;0;0;0;0;0;1;1;0
Porque es una plataforma muy didactica y facil de usar.;0;1;0;0;0;0;0;1;0;0;0;0;0;0;0;0;0;0;0;0;0;0;0;0;0;0;0;0
Porque es una plataforma que a pesar de los problemas que aun tiene, es muy util, por sus herramientas y la facilidad de usarlo, para realizar las distintas actividades propuestas para la clase.;0;1;0;0;0;0;0;1;0;0;0;0;0;0;0;0;0;0;0;1;0;0;0;0;0;1;0;1
Porque hay muchas posibilidades de verificar los errores con los casos de prueba;0;1;0;1;0;0;0;0;0;0;1;0;0;0;0;0;0;0;0;0;0;0;0;0;0;1;0;0
Porque hay otros programas que tienen mas funciones para programar;0;0;0;0;0;0;0;0;0;0;0;0;0;0;0;0;0;0;0;0;0;1;0;1;0;0;0;1
Porque la plataforma le dice a uno lo que sale mal y asi es mas facil revisar donde pudo cometerse el error.;0;1;0;1;0;0;0;0;0;0;0;1;0;0;0;0;0;0;0;0;0;0;0;0;0;1;0;0
Porque la plataforma ofrece la oportunidad de utilizar las herramientas aprendidas en el curso y evalua el desempeno del programa que se escribio. Sin embargo, no permite hacer algunas cosas como utilizar algunos modulos, lo cual hubiera sido util para afianzar los conocimientos.;0;0;0;0;0;0;0;0;0;0;0;0;0;0;1;1;1;0;0;1;0;0;0;0;0;0;1;1
Porque me calificaba los programas que hacia, ademas los ejercicios que tenia me ponian a investigar y aprender mas del tema;0;0;0;0;0;0;0;0;0;0;0;0;0;0;1;1;1;0;0;0;0;0;0;0;0;0;1;0
Porque me permitia desarrollar y observar el paso a paso de un programa;0;0;0;0;0;0;0;0;0;0;0;0;1;0;0;0;0;0;1;0;0;0;0;0;0;1;1;0
Porque me permitia practicar algunas conceptos aprendidos en clase;0;0;0;0;0;0;0;0;0;0;0;0;0;0;1;1;0;0;0;0;0;0;0;0;0;0;1;0
Porque me permitio comprobar si el codigo escrito para solucionar un problema determinado y su ejecucion eran las indicadas para el problema.;0;0;0;0;0;0;0;0;0;0;0;0;0;0;0;0;0;0;1;0;0;0;0;0;0;0;1;0
Porque me permitio realizar los ejercicios en un ambiente muy comodo, ademas es facil de manejar, lo que permite mejorar nuestras habilidades.;1;1;0;0;0;0;0;1;0;0;0;0;0;0;0;0;0;1;0;0;0;0;0;0;0;0;1;0
Porque nos permitia conocer nuestros errores y verificar el codigo, pero muchas veces las herramientas como Python Tutor o Test Code no funcionaban correctamente, por lo que tocaba usar otro entorno para ejecutar y probar el codigo.;0;1;0;1;0;0;0;0;0;0;1;0;1;0;0;0;0;0;0;1;0;0;0;0;0;1;0;1
Porque nos permitia saber cuando un codigo funcionaba en su totalidad con diferentes casos;0;0;0;0;0;0;0;0;0;0;0;0;0;0;0;0;0;0;1;0;0;0;0;0;0;0;1;0
Porque nos permitia saber que errores teniamos, y muy eficiente al hacer que nuestro codigo fuera totalmente correcto;0;1;0;1;0;0;0;0;0;0;0;0;0;0;0;0;0;0;1;0;0;0;0;0;0;0;1;0
Porque nos permitio realizar los ejercicios de talleres, y fue de gran utilidad para verificar que lo que presentamos estaba bien.;0;0;0;0;0;0;0;0;0;0;0;0;0;0;0;0;1;0;1;0;0;0;0;0;0;0;1;0
Porque para aprender esta la clase. Realmente UNcod ayuda, en cambio, a reforzar;0;0;0;0;0;0;0;0;0;0;0;0;0;1;0;0;0;0;0;0;0;0;0;0;0;0;1;0
Porque permite aplicar los conocimientos ensenados sobre programacion de forma similar a la que se haria en un computador por medio de python.;0;0;0;0;0;0;0;0;0;0;0;0;0;0;0;0;0;1;0;0;0;0;0;0;0;0;1;0
Porque permite desarrollar ejercicios de forma clara con un sistema accesible y entenible.;0;1;0;0;0;0;0;1;0;0;0;0;0;0;0;0;0;0;0;0;0;0;0;0;0;0;0;0
Porque permite probar el codigo, hacer el seguimiento de su ejecucion y aconseja sobre buenas practicas de programacion o errores que detecta antes de la ejecucion del mismo, esto ultimo ahorra tiempo y permite entender mejor el programa que los textos de error propios de Python.;0;1;0;1;1;0;0;0;0;0;1;0;0;0;0;0;0;0;0;0;0;0;0;0;0;1;0;0
Porque permite visualizar el funcionamiento del codigo.;0;0;0;0;0;0;0;0;0;0;0;0;1;0;0;0;0;0;0;0;0;0;0;0;0;1;0;0
Porque permitia una retroalimentacion inmediata y daba ciertas sugerencias que ayudaban a encontrar los bugs en el programa. Ademas que, en muchos programas, lo obligaba a uno a hacerlos de la manera mas optima posible, permitiendonos pensar en una solucion que tomara menos tiempo.;0;1;0;0;1;0;0;0;0;0;0;1;0;0;0;0;1;1;0;0;0;0;0;0;0;1;1;0
Porque podemos ver el flujo del codigo que ejecutamos para revisar que se hizo mal;0;1;0;1;0;0;0;0;0;0;0;0;0;0;0;0;0;0;0;0;0;0;0;0;0;1;0;0
Porque podemos ver la ejecucion del codigo, los casos de prueba y es facil de usar;0;1;0;0;0;0;0;1;0;0;0;0;1;0;0;0;0;0;0;0;0;0;0;0;0;1;0;0
Porque por medio de la plataforma me fue posible resolver distintos problemas relacionadas con la tematica que me llevaban a un desarrollo de pensamiento propositivo y critico para una solucion adecuada;0;0;0;0;0;0;0;0;0;0;0;0;0;0;0;0;1;1;0;0;0;0;0;0;0;0;1;0
Porque por un lado se encuentran ejercicios que ponen a prueba el pensamiento de los estudiantes para realizar lo exigido al pie de la letra, y por otro lado en dado caso de no tener otras plataformas, esta sirve para intentar realizar codigo, ademas que tambien dice los errores obtenidos en el codigo;0;1;0;1;1;0;0;0;0;0;0;1;0;0;1;1;0;0;0;0;0;0;0;0;0;1;1;0
Porque presenta herramientas utiles que permiten el testeo de los programas y analizar como estos se comportan (python tutor);0;1;0;0;0;0;0;0;0;0;0;0;1;0;0;0;0;0;0;0;0;0;0;0;0;1;0;0
Porque probaba los programas con casos que no se me habrian ocurrido y encontraba sus posibles defectos;0;1;0;1;1;0;0;0;0;0;1;0;0;0;0;0;0;0;0;0;0;0;0;0;0;1;0;0
Porque que tiene UNcode pasibilidad de visualizar los pasos que realiza cada algoritmo, y esto permite entender de forma mas clara cual es el procedimiento que se esta siguiendo;0;0;0;0;0;0;0;0;0;0;0;0;1;0;0;0;0;0;1;0;0;0;0;0;0;1;1;0
Porque se puede mirar paso a paso que hace o no hace un programa;0;0;0;0;0;0;0;0;0;0;0;0;1;0;0;0;0;0;1;0;0;0;0;0;0;1;1;0
Porque se pueden ver claramente algunos outputs esperados, es facil usar multiples inputs y tiene conexion con python tutor (lo que permite entender mejor el codigo). Ademas, uncode ofrece una retroalimentacion inmediata.;0;1;0;0;0;0;0;1;0;0;0;0;1;0;0;0;1;0;1;0;0;0;0;0;0;1;1;0
Porque, a pesar de sus errores, me parece una herramienta muy buena para ejercitarse en el area de la programacion;0;1;0;0;0;0;0;0;0;1;0;0;0;0;0;0;0;0;0;1;0;0;0;0;0;0;0;1
Provee un entorno amplio de retroalimentacion y entendimiento del tema;0;1;0;0;1;0;0;0;0;0;0;0;0;0;0;0;0;0;0;0;0;0;0;0;0;0;0;0
Pude observar en que casos fallaban los algoritmos que disenaba y que la logica que aplicaba no era a mas adecuada,;0;1;0;1;0;0;0;0;0;0;0;0;0;1;0;0;0;0;0;0;0;0;0;0;0;0;1;0
Pues al momento de revisar las salidas no es para nada flexible;0;0;0;0;0;0;0;0;0;0;0;0;0;0;0;0;0;0;0;0;1;0;0;0;0;0;0;1
Puesto que, a pesar de tener pequenos errores, fue una gran guia para hacer y corregir codigos segun los problemas y casos de prueba presentados. Ademas tiene ciertas funciones que facilitan el proceso de programacion.;0;1;0;0;1;0;0;0;0;0;1;0;0;0;0;0;0;0;1;1;0;0;0;0;0;1;1;1
Pytutor integrado, casos de prueba y consejos en la parte de la izquierda, vaya belleza de consola.;0;1;0;0;1;0;0;0;0;0;0;0;1;0;0;0;0;0;0;0;0;0;0;0;0;1;0;0
Respecto a otros IDE que toca iniciar de cero para probar el codigo, UNCode facilita esto de modo que no toque escribir las entradas cada vez que corre el codigo y la herramienta de verificacion de linea por linea ayuda mucho cuando se inicia en un lenguaje.;0;1;0;0;0;0;0;1;0;0;0;1;0;0;0;0;0;0;0;0;0;0;0;0;0;1;0;0
Se podia ver el paso a paso de la ejecucion del codigo, muy util para el aprendizaje;0;0;0;0;0;0;0;0;0;0;0;0;1;0;0;0;0;0;0;0;0;0;0;0;0;1;0;0
Si bien la aplicacion cumple con su proposito, presenta varias fallas (Como las varias caidas de la pagina, o la lentitud en ciertas ocasiones) no permiten que el usuario tenga una experiencia amistosa con UNCode;0;0;0;0;0;0;0;0;0;0;0;0;0;0;0;0;0;0;0;1;0;0;0;0;0;0;0;1
Si bien muestra un paso a paso del codigo, y presenta unas herramientas para verificar el sintaxis del codigo, estos a veces tardaban demasiado o no funcionaban;0;0;0;0;0;0;0;0;0;0;0;0;0;0;0;0;0;0;0;1;0;0;0;0;0;0;0;1
Si en el sentido que tiene la herramienta de visualizador de codigo y tambien permite ver algunos casos de prueba para con las entradas y las salidas para encontrar errores;0;1;1;1;0;0;0;0;0;0;0;0;1;0;0;0;0;0;0;0;0;0;0;0;0;1;0;0
Si es una plataforma bastante buena aunque tiene fallos devez en cuando ( se cae la plataforma);0;0;0;0;0;0;0;0;0;0;0;0;0;0;0;0;0;0;0;1;0;0;0;0;0;0;0;1
Si ya que UNcode permite ingresar la entrada del codigo de una manera mas rapida que plataformas como Colab lo cual facilitaba probar los ejercicios, aunque en ocasiones emitia mensajes de error al mismo tiempo que la respuesta...;0;0;0;0;0;0;0;0;0;0;0;0;0;0;0;0;0;0;0;0;0;0;0;0;1;0;0;0
Si, porque cuando el codigo esta casi completo UNcode me muestra el error para poder corregirlo;0;1;0;1;0;0;0;0;0;0;0;1;0;0;0;0;0;0;0;0;0;0;0;0;0;1;0;0
Si, ya que me permitia ver en poco tiempo si mi codigo estaba mal permitiendo corregirlo y a su vez dando consejos de como escribir adecuadamente un codigo;0;1;0;1;1;0;0;0;0;0;0;0;0;0;0;0;1;0;0;0;0;0;0;0;0;0;1;0
Siento que fue una plataforma necesaria para resolver problemas de programacion, los cuales me ayudaron a entender mejor los conceptos explicados en clase;0;0;0;0;0;0;0;0;0;0;0;0;0;0;1;1;0;0;0;0;0;0;0;0;0;0;1;0
Siento que la herramienta tiene fallas, personalmente solo lo utilice para subir el codigo y comprobar si pasaba o no;0;0;0;0;0;0;0;0;0;0;0;0;0;0;0;0;1;0;1;1;0;0;0;0;0;0;1;1
Sin importar algunos de sus fallos, en algunas ocasiones pude evidenciar mis errores viendo los ejercicios en los que fallaba, mas no estoy totalmente de acuerdo porque al principio no se podia acceder a esa opcion, y se me dificulto mas evidenciar la equivocacion.;0;1;0;1;0;0;0;0;0;0;0;0;0;0;0;0;0;0;0;1;0;0;0;0;0;0;0;1
Sobretodo porque permitia ver le paso a paso del codigo para encontrar errores;0;1;0;1;0;0;0;0;0;0;0;0;1;0;0;0;0;0;1;0;0;0;0;0;0;1;1;0
Solo es una herramienta para calificar.;0;0;0;0;0;0;0;0;0;0;0;0;0;0;0;0;1;0;0;0;0;0;0;0;0;0;1;0
Tener una herramienta que facilite escribir codigo y recibir una retroalimentacion  del mismo permite entender lo que uno esta haciendo y como lo esta haciendo. Basicamente gracias a Visualize your code muchas veces logre corregir los errores que existian en el codigo.;0;1;0;1;0;0;0;1;0;0;0;0;1;0;0;0;0;0;1;0;0;0;0;0;0;1;1;0
Tenia la opcion de visualizar la ejecucion de mi codigo paso a paso, lo cual me ayudaba encontrar las debilidades de este.;0;0;0;0;0;0;0;0;0;0;0;0;1;0;0;0;0;0;1;0;0;0;0;0;0;1;1;0
Tenia las herramientas adecuadas, permitia probar diferentes aplicaciones y sobre todo tenia herramientas adicionales que permitian previsualizar el codigo paso por paso y revisar asi cuales eran los errores que se tenian;0;1;0;1;0;0;0;0;0;0;1;1;1;0;0;0;0;0;0;0;0;0;0;0;0;1;0;0
Tiende a fallar mucho en tiempos de ejecucion y es una herramienta poco flexible.;0;0;0;0;0;0;0;0;0;0;0;0;0;0;0;0;0;0;0;1;1;0;0;0;0;0;0;1
Tiene bastantes fallas, tales como al visualizar la situacion o el programa siendo ejecutado, la interfaz no permite ver el desarrollo para programas largos. O la clasica demora para testear o dar sumbit en el programa;1;0;0;0;0;0;0;0;0;0;0;0;1;0;0;0;1;0;0;1;0;0;0;0;0;1;1;1
Tuvimos algunos problemas que se presentaban unicamente en y no en Google Collab o en otros entornos de programacion.;0;0;0;0;0;0;0;0;0;0;0;0;0;0;0;0;0;0;0;0;0;0;0;0;1;0;0;0
Tuvo demasiados fallos a lo largo del semestre y esto afecto muchas veces en la entrega de talleres.;0;0;0;0;0;0;0;0;0;0;0;0;0;0;0;0;1;0;0;1;0;0;0;0;0;0;1;1
UNCodde tiene la salida muy estricta;0;0;0;0;0;0;0;0;0;0;0;0;0;0;0;0;0;0;0;0;1;0;0;0;0;0;0;1
UNCode es una herramienta muy util debido a que permite ver como se esta ejecutando el codigo y eso es bastante util a la hora de saber cuantos pasos toma el codigo y el orden de su ejecucion.;0;1;0;0;1;0;0;0;0;0;0;0;1;0;0;0;0;0;0;0;0;0;0;0;0;1;0;0
UNCode fue durante el semestre una herramienta de gran apoyo donde si visualizacion y modo de mostrar cada caso de prueba ayudaba a ver cuales eran los errores y por lo tanto que se debia corregir. A su vez, uncode permite saber si los programas estaban bien o si se demoraban mucho o excedian la memoria y gracias a esto se puede ir mejorando;0;1;1;1;1;0;0;0;0;0;0;0;0;0;0;0;0;0;1;0;0;0;0;0;0;0;1;0
UNCode fue muy util para aprender a programar computadores porque los ejercicios que alli se tienen sirven para practicar y afianzar los conocimientos que se imparten en la clase, asi mismo tener varios casos de prueba nos ayuda a pensar el algoritmo de una manera funcional y optimizada.;0;1;0;0;0;0;0;0;0;1;0;0;0;0;1;1;0;1;0;0;0;0;0;0;0;0;1;0
UNCode fue realmente util ya que cuenta con una interfaz intuitiva que permite disenar mi codigo, hacerle prueba y verificacion de manera muy sencilla, asi como poder usar Python Tutor para hallar errores dentro de mi codigo con mayor facilidad.;1;1;0;1;0;0;0;1;0;0;0;0;1;0;0;0;0;0;1;0;0;0;0;0;0;1;1;0
UNCode fue una herramienta bastante util a la hora de presentar los talleres y quices, pero en si, esta no fue util para aprender acerca de la programacion, aunque realmente, es bastante util conocer los errores en el programa con los casos de prueba, pero no siempre fueron dados. La herramienta de Python Tutor dentro de UNCode si fue increiblemente util, porque mostraba paso a paso el proceso de forma mecanica. Recomiendo que la ventana de este sea un poco mas grande.;0;1;0;1;0;0;0;0;0;0;1;0;1;0;0;0;1;0;0;1;0;1;0;0;0;1;1;1
UNCode permite realizar los talleres y evaluaciones de manera rapida y efectiva, lo que permitio una forma efectiva de aprender.;0;0;0;0;0;0;0;0;0;0;0;0;0;0;0;0;1;0;0;0;0;0;0;0;0;0;1;0
UNCode permite una rapida retroalimentacion de los ejercicios al mismo tiempo que brinda una herramienta similiar a python tutor que permite visualizar el codigo paso a paso, con esto el proceso de encontrar errores es mucho mas simple.;0;1;0;1;0;0;0;0;0;0;0;0;1;0;0;0;1;0;0;0;0;0;0;0;0;1;1;0
UNcode en algunos caso ayudo con el desarrollo pero creeria que la retroalimentacion por parte de la pagina deberia ser mayor;0;0;0;0;0;0;0;0;0;0;0;0;0;0;0;0;0;0;0;0;0;0;1;0;0;0;0;1
Una herramienta muy buena para saber nuestros errores;0;1;0;1;0;0;0;0;0;0;0;0;0;0;0;0;0;0;0;0;0;0;0;0;0;0;0;0
Una herramienta rapida y sencilla que me permitia realizar los talleres y visualizar a su vez en que me equivocaba;0;1;0;1;0;0;0;1;0;0;0;0;0;0;0;0;1;0;0;0;0;0;0;0;0;1;1;0
Una plataforma con buenos ejercicios, y herramientas utiles.;0;0;0;0;0;0;0;0;0;0;0;0;0;0;0;0;1;0;0;0;0;0;0;0;0;1;1;0
Una plataforma sencilla y practica que permite agilizar el trabajo y practicar mas que la forma tradicional;0;1;0;0;0;0;0;1;0;1;0;0;0;0;0;0;0;0;0;0;0;0;0;0;0;0;0;0
Uncode es una herramienta muy completa que motiva a los estudiantes a seguir programando incluso cuando se tienen bastantes falencias sobre un tema en especifico.;0;0;0;0;0;0;0;0;0;0;0;0;0;1;0;0;0;0;0;0;0;0;0;0;0;0;1;0
Uncode fue una buena herramienta para programar, pero presenta algunos factores que deberian mejorarse como el hecho de que la pagina suele caerse en varias ocasiones, para hacerse mas optima.;0;0;0;0;0;0;0;0;0;0;0;0;0;0;0;0;0;0;0;1;0;0;0;0;0;0;0;1
Util para el manejo de conceptos basicos, aunque completamente dificil de usar cuando ciertas herramientas no funcionan(python tutor), tambien ser requerido descargar y probar de manera autonoma errores, usando metodos para diferenciar nuestro output del requerido y pues alto requerimiento de ayuda humana.;0;0;0;0;0;0;0;0;0;0;0;0;1;0;0;0;0;0;1;1;0;0;0;0;0;1;1;1
Visualizador de codigo;0;0;0;0;0;0;0;0;0;0;0;0;1;0;0;0;0;0;0;0;0;0;0;0;0;1;0;0
Ya que casi nunca tenia errores en la calificacion, y en caso de presentarse algun inconveniente el docente siempre estaba atento a nuestros correos y corregia el problema rapidamente, eso si personalmente de vez en cuando no registra el submit y los datos se borran al cerrar la pestana.;0;0;0;0;0;0;0;0;0;0;0;0;0;0;0;0;0;0;0;1;0;0;0;0;0;0;0;1
Ya que es una herramienta que nos permite comprobar el funcionamiento y ejecucion de nuestro codigo.;0;0;0;0;0;0;0;0;0;0;0;0;0;0;0;0;0;0;1;0;0;0;0;0;0;0;1;0
Ya que esta al realizar una evaluacion a fondo de un codigo como tal permite a los estudiantes un correcto desempeno de lo que programar conlleva.;0;0;0;0;0;0;0;0;0;0;0;0;0;0;0;0;0;2;2;0;0;0;0;0;0;0;2;0
Ya que la interfaz no me parece muy comoda y el hecho de que el editor no tenga algunas opciones te hace estar mas tiempo corrigiendo la escritura que programando;1;0;0;0;0;0;0;0;0;0;0;0;0;0;0;0;0;0;0;1;0;0;0;0;0;0;0;1
Ya que se nos entregan resultados inmediatos, recalcando en los errores, ademas de una herramienta que nos permite ver el proceso del codigo paso por paso;0;1;0;1;0;0;0;0;0;0;0;0;1;0;0;0;1;0;0;0;0;0;0;0;0;1;1;0
al solo recibir una salida especifica y detallada esto dificulta en una manera muy exponencial la capacidad de los estudiantes de resolucion de problemas, dejando solo una unica respuesta, puesto que la programacion es algo tan intimo y cambiante4 de persona a persona esta deberia revisarse de un metodo distinto donde lo que importara fuera el resultado y no en su mayoria el orden de este mismo o la manera de darlo;0;0;0;0;0;0;0;0;0;0;0;0;0;0;0;0;0;0;0;0;1;1;0;0;0;0;0;1
dio la oportunidad de poner en practica los conocimientos adquiridos en las clases a pesar de la virtualidad. Tambien fue muy util para identificar problemas y plantear diferentes soluciones segun fuesen requeridas;0;1;0;1;0;0;0;0;0;0;0;0;0;0;1;1;0;0;1;0;0;0;0;0;0;0;1;0
el semestre pasado tuve problemas con uncode, se me borro todo el progreso academico y el profesor no habia guardado notas, por tal razon tuve que cancelar la materi. no obstante este semestre no he tenido problemas;0;0;0;0;0;0;0;0;0;0;0;0;0;0;0;0;0;0;0;1;0;0;0;0;0;0;0;1
es una exelente herramienta de evaluacion, y permitir intentar hasta conseguir respuestas correctas ayuda bastante a repasar (siempre que no se haga trampa para sacar los valores deseados);0;1;0;0;0;0;0;0;0;1;0;0;0;0;0;0;0;0;1;0;0;0;0;0;0;0;1;0
es una gran herramienta que permite un exelente aprendizaje ya que permite ver en tiempo real los resultados de los codigos utilizados para resolver cierto problema;0;0;0;0;0;0;0;0;0;0;0;0;0;0;0;0;0;0;1;0;0;0;0;0;0;0;1;0
es una herramienta muy buena para comprobara que un programa hace lo que se le pide;0;0;0;0;0;0;0;0;0;0;0;0;0;0;0;0;0;0;1;0;0;0;0;0;0;0;1;0
es una plataforma bien interesante donde de verdad uno puedo saber si esta haciendo las cosas bien gracias a los variados casos de prueba, lo que hace que uno tenga que hacer un buen programa para que todo salga bien.;0;0;0;0;0;0;0;0;0;0;0;0;0;0;0;0;0;0;1;0;0;0;0;0;0;0;1;0
es una plataforma muy intuitiva y con buenas herramientas para la solucion de problemas y ejecucion de los codigos;0;1;0;0;0;0;0;1;0;0;0;0;0;0;0;0;0;0;1;0;0;0;0;0;0;1;1;0
existen plataformas con un ambiente un poco mas amigable como lo es colab;1;0;0;0;0;0;0;0;0;0;0;0;0;0;0;0;0;0;0;1;0;0;0;0;1;0;0;1
facilita la solucion de problemas con su modulo de test code y python tutor;0;0;0;0;0;0;0;0;0;0;1;0;1;0;0;0;0;0;1;0;0;0;0;0;0;1;1;0
fue una herramienta util para hacer la entrega de las actividades;0;0;0;0;0;0;0;0;0;0;0;0;0;0;0;0;2;0;0;0;0;0;0;0;0;0;2;0
la plataforma cumple en cuanto a sus servicios pero no de la forma mas adecuada;0;0;0;0;0;0;0;0;0;0;0;0;0;0;0;0;0;0;0;1;0;0;0;0;0;0;0;1
la plataforma esta bien aunque falla a menudo;0;0;0;0;0;0;0;0;0;0;0;0;0;0;0;0;0;0;0;1;0;0;0;0;0;0;0;1
la retroalimentacion que da cuando hay algo incorrecto, resulta muy util al momento de corregir el codigo, aunque a veces (como en el caso del taller 10) no era tan obvia la comparacion entre lo que esta bien, y lo que estaba mal;0;1;0;0;1;0;0;0;0;0;0;0;0;0;0;0;0;0;0;0;0;0;1;0;0;0;0;1
los programas al principios no tenian claridad a la hora de su interpretacion;0;0;0;0;0;0;0;0;0;0;0;0;0;0;0;0;0;0;0;1;0;0;0;0;0;0;0;1
me dejaba identificar donde tenia un error en el programa,y el paso a paso de este, Deberian implementar que siempre se vea el tiempo que dura el programa en cada submission.;0;1;0;1;0;0;0;0;0;0;0;0;1;0;0;0;0;0;0;0;0;0;0;0;0;1;0;0
no los mostraba en todos;0;0;0;0;0;0;0;0;0;0;0;0;0;0;0;0;0;0;0;1;0;0;1;0;0;0;0;1
permite una valoracion inmediata del trabajo hecho;0;0;0;0;0;0;0;0;0;0;0;0;0;0;0;0;1;0;0;0;0;0;0;0;0;0;1;0
permitio el analisis de codigo y la prueba de este;0;1;0;0;0;0;0;1;0;0;1;0;0;0;0;0;0;0;0;0;0;0;0;0;0;1;0;0
permitio la evaluacion de talleres, ademas de ser un compilador paso a paso;0;0;0;0;0;0;0;0;0;0;0;0;1;0;0;0;1;0;0;0;0;0;0;0;0;1;1;0
por ahi se desarrollaron diversos talleres, que ayudaban al entendimiento de las clases;0;0;0;0;0;0;0;0;0;0;0;0;0;0;1;1;1;0;0;0;0;0;0;0;0;0;1;0
por que es una plataforma que permite usar python sin necesidad de descargarlo, facil de usar, y al permitir guardar todo en el drive es muy conveniente;0;1;0;0;0;1;0;1;0;0;0;0;1;0;0;0;0;0;0;0;0;0;0;0;0;1;0;0
por que nos ayudo a entender mejor las herramientas y a realizar las actividades;0;0;0;0;0;0;0;0;0;0;0;0;0;0;0;0;1;1;0;0;0;0;0;0;0;0;1;0
porque UNcode al tener tantas herramientas a disposicion, como Python Tutor, me permitieron ver como funcionan mis programas y a su ves detectar los errores que estaba cometiendo para corregirlos.;0;1;0;1;0;0;0;0;0;0;0;0;1;0;0;0;0;0;0;0;0;0;0;0;0;1;0;0
porque al darnos un feedback respecto a si tenemos respuestas incorrectas,  me ponia a pensar acerca de los errores que podia estar cometiendo, haciendo retroalimentaciones  seccion por seccion para descubrir el error;0;1;0;1;1;0;0;0;0;0;0;0;0;1;0;0;0;1;0;0;0;0;0;0;0;0;1;0
porque en si un code no ayuda a aprender, es una herramienta de evaluacion de codigo mas no una guia de programacion;0;0;0;0;0;0;0;0;0;0;0;0;0;0;0;0;1;0;0;0;0;1;0;0;0;0;1;1
porque le mostraba a uno los casos y el error que uno cometio, ademas de que el python tutor le hacia a uno la prueba de escritorio ahorrando tiempo en la deteccion del problema;0;1;0;1;0;0;0;0;0;0;0;0;1;0;0;0;0;0;0;0;0;0;0;0;0;1;0;0
porque muchas veces el codigo que pedia, lo hacia y este cumplia el objetivo pero el uncode siempre me aparecia como error;0;0;0;0;0;0;0;0;0;0;0;0;0;0;0;0;0;0;0;1;0;0;0;0;0;0;0;1
porque permite realizar diferentes evaluaciones al codigo y de esta manera verificar su eficiencia;0;0;0;0;0;0;0;0;0;0;0;0;0;0;0;0;0;0;1;0;0;0;0;0;0;1;1;0
porque se podia visualizar los errores con las herramientas, se ponen casos para el nivel de conocimiento que uno lleva, y en algunas ocasiones puede ser divertido. Lo unico que si me molestaba eran los quices con tiempo;0;1;0;1;0;0;0;0;0;0;0;0;0;0;0;0;0;0;0;1;0;0;0;0;0;1;0;1
porque su interfaz permite ver como funciona nuestro codigo y como podemos mejorarlo;1;1;0;0;1;0;0;0;0;0;0;0;0;0;0;0;0;0;0;0;0;0;0;0;0;0;0;0
pues es una forma muy facil y util de calificar.;0;0;0;0;0;0;0;0;0;0;0;0;0;0;0;0;1;0;0;0;0;0;0;0;0;0;1;0
si porque gracias a el pude constatar que mis ejercicios estuvieran bien hechos;0;0;0;0;0;0;0;0;0;0;0;0;0;0;0;0;0;0;1;0;0;0;0;0;0;0;1;0
si, ya que es bastante sencillo e intuitivo a  la hora de su uso;0;1;0;0;0;0;0;1;0;0;0;0;0;0;0;0;0;0;0;0;0;0;0;0;0;0;0;0
solo lo use para enviar los talleres ya que los desarrollaba en otro IDE;0;0;0;0;0;0;0;0;0;0;0;0;0;0;0;0;1;0;0;0;0;0;0;0;0;0;1;0
uno de los aspectos que considero que mas me colaboro fue el seguimiento de la ejecucion del codigo que UNcode permite;0;1;0;0;0;0;0;0;0;0;0;0;1;0;0;0;0;0;0;0;0;0;0;0;0;1;0;0
ya que proporcionaba todas las herramientas necesarias para practicar y mejorar las habilidades basicas (y esenciales) de programacion tanto en c++ como en python 3;0;1;0;0;0;0;0;0;1;0;0;0;0;0;0;0;0;1;0;0;0;0;0;0;0;1;1;0
